{
  "Bookings": 31.76923076923077,
  "Profile": 36.06666666666667,
  "Wishlist": 35.5,
  "Explore": 43.7037037037037,
  "Version: 14.23.0 - 2025020672": 14.0,
  "Open messages": 35.0
}